"","id","visualId"
"1","794c6a32-cf1f-4d3c-8b73-7bfb5922ed7b","CONTACT-2020-0015"
"2","efd9e740-71db-44ad-a3f9-6f072afbb604","CONTACT-2020-0043"
"3","245d864a-34df-46be-a93e-f96e95673d7c","CONTACT-2020-0012"
"4","0c63a125-8474-439b-af1c-4d12d8b9c6b3","CONTACT-2020-0054"
"5","661e3539-77f6-4fc3-b664-ef8c51228e10","CONTACT-2020-0056"
"6","09014c56-e25e-4563-b93f-f880922f9ed4","CONTACT-2020-0030"
"7","aff64c8f-32e1-428d-82a4-527f2b16d1d5","CONTACT-2020-0060"
"8","a1e18725-f866-4309-9bfe-d0d4dd4fca90","CONTACT-2020-0021"
"9","c6a11bd1-7c47-4429-9069-cf8cf2a28d92","CONTACT-2020-0059"
"10","95941c2d-b94a-4c10-b518-59444cf3ab01","CONTACT-2020-0005"
"11","d7cf1ed1-13c1-4182-83c2-9d0d9c2aec34","CONTACT-2020-0053"
"12","9a5976d8-b474-48bf-a9ee-ae1ae89afd88","CONTACT-2020-0058"
"13","791771f9-ce25-413d-9dd2-023e06d9b42e","CONTACT-2020-0011"
"14","7cf8fded-44d7-42f1-a218-d8b8f5d62078","CONTACT-2020-0001"
"15","b6b2d286-6a91-4bb7-a65d-90353ada5d2c","CONTACT-2020-0003"
"16","a3a7cacb-96fb-4f8e-8870-2817c38b2272","CONTACT-2020-0029"
"17","4b501c81-7dab-4de7-b8a7-3124c55ac17f","CONTACT-2020-0042"
"18","01be9322-7ecd-4d8d-858c-49dc048aabe5","CONTACT-2020-0055"
"19","2cf4928b-2899-45ad-9cc4-6663e5964aea","CONTACT-2020-0036"
"20","0ebf4b5d-127b-44bd-a4ee-f7ffb5dfaf06","CONTACT-2020-0032"
"21","82d9d7b8-6294-4913-8a69-e24b7c3fc4b9","CONTACT-2020-0019"
"22","81bfe2f5-d92a-486d-bde0-ab5f0254385b","CONTACT-2020-0025"
"23","4dc896e4-bc11-478e-81b1-f08f5965161c","CONTACT-2020-0040"
"24","6ee8d4ef-925e-4942-b4ce-cbb69dfc7113","CONTACT-2020-0045"
"25","874c5b14-f983-456b-a329-91ecfc09fd46","CONTACT-2020-0004"
"26","d040a42e-4bd5-4c20-9d53-a3b191a8b984","CONTACT-2020-0020"
"27","a895e4ad-3e53-4c9d-a38e-ff50f186858c","CONTACT-2020-0016"
"28","46c3469e-421a-4b9d-953c-6013a6aa42a3","CONTACT-2020-0031"
"29","4f345e29-ea4a-4893-994d-02c3e406b686","CONTACT-2020-0014"
"30","2d19656d-cbcf-4595-8eed-895836638830","CONTACT-2020-0037"
"31","ccb69168-505b-4dda-8bcf-1a9182f86b89","CONTACT-2020-0007"
"32","df7c2135-0421-4c94-b416-a6f013a14e9d","CONTACT-2020-0051"
"33","77df34e5-60f8-4321-9f31-277da3653aa9","CONTACT-2020-0008"
"34","d0745963-220e-4f5a-a76f-53daf82ea22c","CONTACT-2020-0048"
"35","dc43d898-c425-4767-a9db-7e571ff02973","CONTACT-2020-0038"
"36","1cd39521-10fa-4c00-bb54-02a246e7d209","CONTACT-2020-0010"
"37","4fcdb57b-ec1e-47ba-a938-350ae798d8d1","CONTACT-2020-0006"
"38","d8cffd83-dbe3-4a1c-9b6f-792169d7b8b4","CONTACT-2020-0034"
"39","eb117636-cf81-4494-a52b-059f00594369","CONTACT-2020-0052"
"40","726d34f9-6d89-41e3-89ef-85093c6f4b61","CONTACT-2020-0044"
"41","ccc4d490-c2f9-4193-9724-441db2697fd2","CONTACT-2020-0009"
"42","ac7dac28-8b8a-4a8a-951d-baec480bf8e9","CONTACT-2020-0047"
"43","b528380b-35cf-4076-8521-4568f56fa120","CONTACT-2020-0022"
"44","b35240a3-288e-4ef1-bcc3-764b40a4518d","CONTACT-2020-0013"
"45","ba62e1e5-2f5a-428a-b951-a64b7594c34f","CONTACT-2020-0023"
"46","772728c9-c9d1-4b89-98f7-a074db19b182","CONTACT-2020-0041"
"47","7a73fda5-d9d4-4c66-aa94-d1a33b0b555f","CONTACT-2020-0028"
"48","9b24c2bd-6e19-4739-bc60-917e995602bc","CONTACT-2020-0017"
"49","5a891dab-b7f6-4468-b5b4-372d3c0c1d0b","CONTACT-2020-0027"
"50","178a26dd-c0f7-49c7-bca1-dc567d58409c","CONTACT-2020-0035"
"51","918a7930-1e48-462b-83c9-61888c33476e","CONTACT-2020-0026"
"52","a3016115-0530-4314-9e6d-6b7b12deb06d","CONTACT-2020-0033"
"53","3da25d3b-c46f-47ab-8f88-18410acb57b5","CONTACT-2020-0050"
"54","1705a7f2-d9ee-4d3c-bf0f-24a2c3909aea","CONTACT-2020-0057"
"55","d4f1ee9a-0cc1-4d86-978a-e04d5c5ede73","CONTACT-2020-0018"
"56","aa977c6a-989f-45ba-9432-b3fbcfd60cad","CONTACT-2020-0049"
"57","aeb0f75d-255a-4f54-a900-9f404e3af7b1","CONTACT-2020-0039"
"58","6e7d3c66-bbd5-4858-b55f-d3e9e27b900a",NA
"59","1fbf5c0f-5c68-4b30-9a9e-276c308e5cff",NA
